web-scraper-order,web-scraper-start-url,details,prix,adresse,image-lien
"1706122821-1","https://dakarvente.com/index.php?page=annonces_categorie&id=3&sort=&nb=11","Scooter agility","255 000 FCFA","Plateau",""
"1706122821-2","https://dakarvente.com/index.php?page=annonces_categorie&id=3&sort=&nb=11","Kymko 4 temps 125","140 000 FCFA","Plateau",""
"1706122821-3","https://dakarvente.com/index.php?page=annonces_categorie&id=3&sort=&nb=11","Nexus m-35","750 000 FCFA","Plateau",""
"1706122821-4","https://dakarvente.com/index.php?page=annonces_categorie&id=3&sort=&nb=11","Vespa 250","550 000 FCFA","Plateau",""
"1706122821-5","https://dakarvente.com/index.php?page=annonces_categorie&id=3&sort=&nb=11","Tmax 530","2 300 000 FCFA","Plateau",""
"1706122821-6","https://dakarvente.com/index.php?page=annonces_categorie&id=3&sort=&nb=11","Honda hornet 600","1 200 000 FCFA","Plateau",""
"1706122821-7","https://dakarvente.com/index.php?page=annonces_categorie&id=3&sort=&nb=11","Honda sh","1 200 000 FCFA","Plateau",""
"1706122821-8","https://dakarvente.com/index.php?page=annonces_categorie&id=3&sort=&nb=11","T-max","1 700 000 FCFA","Plateau",""
"1706122821-9","https://dakarvente.com/index.php?page=annonces_categorie&id=3&sort=&nb=11","Gilera piaggio stalker 50","350 000 FCFA","Plateau",""
"1706122831-10","https://dakarvente.com/index.php?page=annonces_categorie&id=3&sort=&nb=10","Honda sh 300i","800 000 FCFA","Plateau",""
"1706122831-11","https://dakarvente.com/index.php?page=annonces_categorie&id=3&sort=&nb=10","Yamaha xcity 250","500 000 FCFA","Plateau",""
"1706122831-12","https://dakarvente.com/index.php?page=annonces_categorie&id=3&sort=&nb=10","Honda integra","1 500 000 FCFA","Plateau",""
"1706122831-13","https://dakarvente.com/index.php?page=annonces_categorie&id=3&sort=&nb=10","Ktm duke 125","1 580 000 FCFA","Fann",""
"1706122831-14","https://dakarvente.com/index.php?page=annonces_categorie&id=3&sort=&nb=10","Tmax 500","850 000 FCFA","Plateau",""
"1706122831-15","https://dakarvente.com/index.php?page=annonces_categorie&id=3&sort=&nb=10","Moto SH","1 100 000 FCFA","Plateau",""
"1706122831-16","https://dakarvente.com/index.php?page=annonces_categorie&id=3&sort=&nb=10","Honda nc750x","2 700 000 FCFA","Plateau",""
"1706122831-17","https://dakarvente.com/index.php?page=annonces_categorie&id=3&sort=&nb=10","Kawasaki z750","1 650 000 FCFA","Plateau",""
"1706122831-18","https://dakarvente.com/index.php?page=annonces_categorie&id=3&sort=&nb=10","Scooter sh","500 000 FCFA","Plateau",""
"1706122831-19","https://dakarvente.com/index.php?page=annonces_categorie&id=3&sort=&nb=10","Moto scooter","500 000 FCFA","Plateau",""
"1706122831-20","https://dakarvente.com/index.php?page=annonces_categorie&id=3&sort=&nb=10","Liberty injection","325 000 FCFA","Plateau",""
"1706122831-21","https://dakarvente.com/index.php?page=annonces_categorie&id=3&sort=&nb=10","Tmax 530","1 400 000 FCFA","Plateau",""
"1706122831-22","https://dakarvente.com/index.php?page=annonces_categorie&id=3&sort=&nb=10","Moto bmw gs 1200","4 250 000 FCFA","Plateau",""
"1706122831-23","https://dakarvente.com/index.php?page=annonces_categorie&id=3&sort=&nb=10","BMW gs 1200","3 500 000 FCFA","Plateau",""
"1706122831-24","https://dakarvente.com/index.php?page=annonces_categorie&id=3&sort=&nb=10","Moto apache","400 000 FCFA","Plateau",""
"1706122831-25","https://dakarvente.com/index.php?page=annonces_categorie&id=3&sort=&nb=10","Moto zip piaggio","200 000 FCFA","Plateau",""
"1706122831-26","https://dakarvente.com/index.php?page=annonces_categorie&id=3&sort=&nb=10","Yamaha MT 07","3 800 000 FCFA","Plateau",""
"1706122831-27","https://dakarvente.com/index.php?page=annonces_categorie&id=3&sort=&nb=10","Moto djakarta","250 000 FCFA","Plateau",""
"1706122831-28","https://dakarvente.com/index.php?page=annonces_categorie&id=3&sort=&nb=10","Moto","550 000 FCFA","Plateau",""
"1706122831-29","https://dakarvente.com/index.php?page=annonces_categorie&id=3&sort=&nb=10","Tmax DX","","Plateau",""
"1706122831-30","https://dakarvente.com/index.php?page=annonces_categorie&id=3&sort=&nb=10","Moto enduro bmw","2 000 000 FCFA","Plateau",""
"1706122831-31","https://dakarvente.com/index.php?page=annonces_categorie&id=3&sort=&nb=10","Moto  Xc 300","700 000 FCFA","Plateau",""
"1706122831-32","https://dakarvente.com/index.php?page=annonces_categorie&id=3&sort=&nb=10","Motocyclettes et tricycles","350 000 FCFA","Plateau",""
"1706122831-33","https://dakarvente.com/index.php?page=annonces_categorie&id=3&sort=&nb=10","Scooter","420 000 FCFA","Plateau",""
"1706122831-34","https://dakarvente.com/index.php?page=annonces_categorie&id=3&sort=&nb=10","Scooter majesty","500 000 FCFA","Plateau",""
"1706122831-35","https://dakarvente.com/index.php?page=annonces_categorie&id=3&sort=&nb=10","Tmax 500 injection en parfait état","1 200 000 FCFA","Plateau",""
"1706122831-36","https://dakarvente.com/index.php?page=annonces_categorie&id=3&sort=&nb=10","Typhoon","220 000 FCFA","Plateau",""
"1706122831-37","https://dakarvente.com/index.php?page=annonces_categorie&id=3&sort=&nb=10","Scooter honda arobase","250 000 FCFA","Plateau",""
"1706122831-38","https://dakarvente.com/index.php?page=annonces_categorie&id=3&sort=&nb=10","Honda sh 125","975 000 FCFA","Plateau",""
"1706122831-39","https://dakarvente.com/index.php?page=annonces_categorie&id=3&sort=&nb=10","T-max 530 iron","4 000 000 FCFA","Plateau",""
"1706122831-40","https://dakarvente.com/index.php?page=annonces_categorie&id=3&sort=&nb=10","Scooter  Typhon","","Plateau",""
"1706122831-41","https://dakarvente.com/index.php?page=annonces_categorie&id=3&sort=&nb=10","Xc 300 versity","550 000 FCFA","Plateau",""
"1706122831-42","https://dakarvente.com/index.php?page=annonces_categorie&id=3&sort=&nb=10","Scooter Tmax","2 000 000 FCFA","Plateau",""
"1706122831-43","https://dakarvente.com/index.php?page=annonces_categorie&id=3&sort=&nb=10","Liberty 4temps50","700 000 FCFA","Plateau",""
"1706122831-44","https://dakarvente.com/index.php?page=annonces_categorie&id=3&sort=&nb=10","TMAX 530 DX","4 500 000 FCFA","Plateau",""
"1706122831-45","https://dakarvente.com/index.php?page=annonces_categorie&id=3&sort=&nb=10","SUPER MOTOS","1 250 000 FCFA","Plateau",""
"1706122831-46","https://dakarvente.com/index.php?page=annonces_categorie&id=3&sort=&nb=10","Sh 125 injection","","Plateau",""
"1706122831-47","https://dakarvente.com/index.php?page=annonces_categorie&id=3&sort=&nb=10","Vend hoverboard led venant des USA","100 000 FCFA","Plateau",""
"1706122831-48","https://dakarvente.com/index.php?page=annonces_categorie&id=3&sort=&nb=10","Honda transalp 700","2 000 000 FCFA","Plateau",""
"1706122831-49","https://dakarvente.com/index.php?page=annonces_categorie&id=3&sort=&nb=10","Yamaha  Yzf 450","4 000 000 FCFA","Plateau",""
"1706122831-50","https://dakarvente.com/index.php?page=annonces_categorie&id=3&sort=&nb=10","Tmax 500","1 650 000 FCFA","Plateau",""
"1706122831-51","https://dakarvente.com/index.php?page=annonces_categorie&id=3&sort=&nb=10","Honda hornet 600","1 000 000 FCFA","Plateau",""
"1706122842-52","https://dakarvente.com/index.php?page=annonces_categorie&id=3&sort=&nb=9","Bmw gs 1200","3 500 000 FCFA","Dakar",""
"1706122842-53","https://dakarvente.com/index.php?page=annonces_categorie&id=3&sort=&nb=9","Honda sh 150i","550 000 FCFA","Pikine",""
"1706122842-54","https://dakarvente.com/index.php?page=annonces_categorie&id=3&sort=&nb=9","Moto cross","350 000 FCFA","Scat Urbam",""
"1706122842-55","https://dakarvente.com/index.php?page=annonces_categorie&id=3&sort=&nb=9","Sym wolf 250","1 000 000 FCFA","Dakar",""
"1706122842-56","https://dakarvente.com/index.php?page=annonces_categorie&id=3&sort=&nb=9","Toyota RAV4","","Dakar",""
"1706122842-57","https://dakarvente.com/index.php?page=annonces_categorie&id=3&sort=&nb=9","Moto Xmax","910 000 FCFA","Dakar",""
"1706122842-58","https://dakarvente.com/index.php?page=annonces_categorie&id=3&sort=&nb=9","Beverly 300","630 000 FCFA","Dakar",""
"1706122842-59","https://dakarvente.com/index.php?page=annonces_categorie&id=3&sort=&nb=9","Vend Moto BMW GS800","2 200 000 FCFA","Mamelles",""
"1706122842-60","https://dakarvente.com/index.php?page=annonces_categorie&id=3&sort=&nb=9","Vend Moto Kawasaki eliminator 125","700 000 FCFA","Mamelles",""
"1706122842-61","https://dakarvente.com/index.php?page=annonces_categorie&id=3&sort=&nb=9","Ducati hypermotard evo sp 2011","1 350 000 FCFA","Dakar",""
"1706122842-62","https://dakarvente.com/index.php?page=annonces_categorie&id=3&sort=&nb=9","Piaggio NRG DD kit 70","350 000 FCFA","Point E",""
"1706122842-63","https://dakarvente.com/index.php?page=annonces_categorie&id=3&sort=&nb=9","moto majesty 150","200 000 FCFA","Keur Massar",""
"1706122842-64","https://dakarvente.com/index.php?page=annonces_categorie&id=3&sort=&nb=9","Quad polaris 500","3 560 000 FCFA","Saly",""
"1706122842-65","https://dakarvente.com/index.php?page=annonces_categorie&id=3&sort=&nb=9","Vente de moto/ jetski à Dakar venant des USA","1 FCFA","Almadies",""
"1706122842-66","https://dakarvente.com/index.php?page=annonces_categorie&id=3&sort=&nb=9","Kawasaki kx85","800 000 FCFA","Plateau",""
"1706122842-67","https://dakarvente.com/index.php?page=annonces_categorie&id=3&sort=&nb=9","Tmax 530","2 800 000 FCFA","Dakar",""
"1706122842-68","https://dakarvente.com/index.php?page=annonces_categorie&id=3&sort=&nb=9","Yamaha yz 125","800 000 FCFA","Almadies",""
"1706122842-69","https://dakarvente.com/index.php?page=annonces_categorie&id=3&sort=&nb=9","Tmax 500","1 200 000 FCFA","Dakar",""
"1706122842-70","https://dakarvente.com/index.php?page=annonces_categorie&id=3&sort=&nb=9","Yamaha tmax 530","1 850 000 FCFA","Mbao",""
"1706122842-71","https://dakarvente.com/index.php?page=annonces_categorie&id=3&sort=&nb=9","Moto bmw gs 1200","3 200 000 FCFA","Sacré Coeur",""
"1706122842-72","https://dakarvente.com/index.php?page=annonces_categorie&id=3&sort=&nb=9","Yamaha 250 tt","1 600 000 FCFA","Mbour",""
"1706122842-73","https://dakarvente.com/index.php?page=annonces_categorie&id=3&sort=&nb=9","Moto goccla venant d’Italie moteur 50 très puissant et tt les papiers en règle","180 FCFA","Fass",""
"1706122842-74","https://dakarvente.com/index.php?page=annonces_categorie&id=3&sort=&nb=9","Mbk booster","195 000 FCFA","Dakar",""
"1706122842-75","https://dakarvente.com/index.php?page=annonces_categorie&id=3&sort=&nb=9","Moto bmw gs1200","3 500 000 FCFA","Médina",""
"1706122842-76","https://dakarvente.com/index.php?page=annonces_categorie&id=3&sort=&nb=9","Sh","390 000 FCFA","Parcelles assainies",""
"1706122842-77","https://dakarvente.com/index.php?page=annonces_categorie&id=3&sort=&nb=9","Yamaha yz 125","800 000 FCFA","Almadies",""
"1706122842-78","https://dakarvente.com/index.php?page=annonces_categorie&id=3&sort=&nb=9","ktm sx 85","","Plateau",""
"1706122842-79","https://dakarvente.com/index.php?page=annonces_categorie&id=3&sort=&nb=9","Yamaha yz85 / yz450","2 400 000 FCFA","Hann Maristes",""
"1706122842-80","https://dakarvente.com/index.php?page=annonces_categorie&id=3&sort=&nb=9","Majesty 250","","Dakar",""
"1706122842-81","https://dakarvente.com/index.php?page=annonces_categorie&id=3&sort=&nb=9","Majesty Skyliner 125","300 000 FCFA","Parcelles assainies",""
"1706122842-82","https://dakarvente.com/index.php?page=annonces_categorie&id=3&sort=&nb=9","Yamaha tmax 530","1 900 000 FCFA","Dakar",""
"1706122842-83","https://dakarvente.com/index.php?page=annonces_categorie&id=3&sort=&nb=9","Yamaha fz1","1 800 000 FCFA","Nord Foire",""
"1706122842-84","https://dakarvente.com/index.php?page=annonces_categorie&id=3&sort=&nb=9","Bmw gs1200","3 100 000 FCFA","Hann Maristes",""
"1706122842-85","https://dakarvente.com/index.php?page=annonces_categorie&id=3&sort=&nb=9","Yamaha majesty 150","290 000 FCFA","Dakar",""
"1706122842-86","https://dakarvente.com/index.php?page=annonces_categorie&id=3&sort=&nb=9","Kymco agility 125","200 000 FCFA","Parcelles assainies",""
"1706122842-87","https://dakarvente.com/index.php?page=annonces_categorie&id=3&sort=&nb=9","Scooter beverly","580 000 FCFA","Plateau",""
"1706122842-88","https://dakarvente.com/index.php?page=annonces_categorie&id=3&sort=&nb=9","Yamaha Tmax DX","3 500 000 FCFA","Point E",""
"1706122842-89","https://dakarvente.com/index.php?page=annonces_categorie&id=3&sort=&nb=9","Malaguty madison 150","450 000 FCFA","Parcelles assainies",""
"1706122842-90","https://dakarvente.com/index.php?page=annonces_categorie&id=3&sort=&nb=9","Moto tvs","900 000 FCFA","Fass",""
"1706122842-91","https://dakarvente.com/index.php?page=annonces_categorie&id=3&sort=&nb=9","Kawasaki z800","2 000 000 FCFA","Parcelles assainies",""
"1706122842-92","https://dakarvente.com/index.php?page=annonces_categorie&id=3&sort=&nb=9","Suzuki burgman 200 injection","550 000 FCFA","Golf",""
"1706122842-93","https://dakarvente.com/index.php?page=annonces_categorie&id=3&sort=&nb=9","Scooter suzuki","300 000 FCFA","Plateau",""
"1706122852-94","https://dakarvente.com/index.php?page=annonces_categorie&id=3&sort=&nb=8","Tmax dx","3 000 000 FCFA","Dakar",""
"1706122852-95","https://dakarvente.com/index.php?page=annonces_categorie&id=3&sort=&nb=8","moto jAKARTA","215 000 FCFA","Keur Massar",""
"1706122852-96","https://dakarvente.com/index.php?page=annonces_categorie&id=3&sort=&nb=8","Moto Aprilia rouge noir","200 000 FCFA","Almadies",""
"1706122852-97","https://dakarvente.com/index.php?page=annonces_categorie&id=3&sort=&nb=8","BMW s1000r","3 000 000 FCFA","Yoff",""
"1706122852-98","https://dakarvente.com/index.php?page=annonces_categorie&id=3&sort=&nb=8","Beverly 500","750 000 FCFA","Yoff",""
"1706122852-99","https://dakarvente.com/index.php?page=annonces_categorie&id=3&sort=&nb=8","Yamaha xmax venant","700 000 FCFA","Dakar",""
"1706122852-100","https://dakarvente.com/index.php?page=annonces_categorie&id=3&sort=&nb=8","Liberty 125","330 000 FCFA","Dakar",""
"1706122852-101","https://dakarvente.com/index.php?page=annonces_categorie&id=3&sort=&nb=8","KTM 690 Prestige Supermoto","1 450 000 FCFA","Saly",""
"1706122852-102","https://dakarvente.com/index.php?page=annonces_categorie&id=3&sort=&nb=8","tmax 2012 avec moteur 560 Dx 2018","2 450 000 FCFA","Sacré Coeur",""
"1706122852-103","https://dakarvente.com/index.php?page=annonces_categorie&id=3&sort=&nb=8","moto triump","750 000 FCFA","Rufisque",""
"1706122852-104","https://dakarvente.com/index.php?page=annonces_categorie&id=3&sort=&nb=8","scooter mbk","250 000 FCFA","Parcelles assainies",""
"1706122852-105","https://dakarvente.com/index.php?page=annonces_categorie&id=3&sort=&nb=8","PIGGIO FLY 100 AV","300 FCFA","Dakar",""
"1706122852-106","https://dakarvente.com/index.php?page=annonces_categorie&id=3&sort=&nb=8","Moto KTM 690 sm","2 800 000 FCFA","Almadies",""
"1706122852-107","https://dakarvente.com/index.php?page=annonces_categorie&id=3&sort=&nb=8","Motos xc 300","450 000 FCFA","Guédiawaye",""
"1706122852-108","https://dakarvente.com/index.php?page=annonces_categorie&id=3&sort=&nb=8","Scooter yamaha 125cc","350 000 FCFA","Grand Dakar",""
"1706122852-109","https://dakarvente.com/index.php?page=annonces_categorie&id=3&sort=&nb=8","Scooters venants","500 000 FCFA","Hann Bel-Air",""
"1706122852-110","https://dakarvente.com/index.php?page=annonces_categorie&id=3&sort=&nb=8","x pro sym 50","160 000 FCFA","Ouest Foire",""
"1706122852-111","https://dakarvente.com/index.php?page=annonces_categorie&id=3&sort=&nb=8","Xc300","300 000 FCFA","Dakar",""
"1706122852-112","https://dakarvente.com/index.php?page=annonces_categorie&id=3&sort=&nb=8","Sport city 200cc","550 000 FCFA","Dakar",""
"1706122852-113","https://dakarvente.com/index.php?page=annonces_categorie&id=3&sort=&nb=8","Moto KTM 690 SM 2016","3 000 000 FCFA","Almadies",""
"1706122852-114","https://dakarvente.com/index.php?page=annonces_categorie&id=3&sort=&nb=8","Liberty nouveau modèle venant","425 000 FCFA","Hann Bel-Air",""
"1706122852-115","https://dakarvente.com/index.php?page=annonces_categorie&id=3&sort=&nb=8","Liberty 200","500 000 FCFA","Hann Bel-Air",""
"1706122852-116","https://dakarvente.com/index.php?page=annonces_categorie&id=3&sort=&nb=8","Typhoon 50","160 000 FCFA","Dieuppeul",""
"1706122852-117","https://dakarvente.com/index.php?page=annonces_categorie&id=3&sort=&nb=8","Moto majesty 250 à vendre","475 000 FCFA","Tivaouane",""
"1706122852-118","https://dakarvente.com/index.php?page=annonces_categorie&id=3&sort=&nb=8","Ktm 85 sx 2009","450 000 FCFA","Almadies",""
"1706122852-119","https://dakarvente.com/index.php?page=annonces_categorie&id=3&sort=&nb=8","Honda","550 000 FCFA","Sicap liberté",""
"1706122852-120","https://dakarvente.com/index.php?page=annonces_categorie&id=3&sort=&nb=8","Moto liberty","220 000 FCFA","Liberté 2",""
"1706122852-121","https://dakarvente.com/index.php?page=annonces_categorie&id=3&sort=&nb=8","Moto Zip","","Liberté 2",""
"1706122852-122","https://dakarvente.com/index.php?page=annonces_categorie&id=3&sort=&nb=8","Moto Fly","400 000 FCFA","Liberté 2",""
"1706122852-123","https://dakarvente.com/index.php?page=annonces_categorie&id=3&sort=&nb=8","MBK 80","","Liberté 2",""
"1706122852-124","https://dakarvente.com/index.php?page=annonces_categorie&id=3&sort=&nb=8","Honda arobase","","Liberté 2",""
"1706122852-125","https://dakarvente.com/index.php?page=annonces_categorie&id=3&sort=&nb=8","KTM 250 SX-F EU de 2011","1 800 000 FCFA","Ouakam",""
"1706122852-126","https://dakarvente.com/index.php?page=annonces_categorie&id=3&sort=&nb=8","Cherche ktm 690 smc-r","1 500 000 FCFA","Dakar",""
"1706122852-127","https://dakarvente.com/index.php?page=annonces_categorie&id=3&sort=&nb=8","Sh 150i à vendre","500 000 FCFA","Hann Maristes",""
"1706122852-128","https://dakarvente.com/index.php?page=annonces_categorie&id=3&sort=&nb=8","Moto lifan 125","280 000 FCFA","Parcelles assainies",""
"1706122852-129","https://dakarvente.com/index.php?page=annonces_categorie&id=3&sort=&nb=8","Pneu moto scooter","15 000 FCFA","Maristes",""
"1706122852-130","https://dakarvente.com/index.php?page=annonces_categorie&id=3&sort=&nb=8","2016 bmw s 1000rr","3 000 000 FCFA","Dakar",""
"1706122852-131","https://dakarvente.com/index.php?page=annonces_categorie&id=3&sort=&nb=8","PIAGGIO LIBERTY 4 temps","270 000 FCFA","Ouakam",""
"1706122852-132","https://dakarvente.com/index.php?page=annonces_categorie&id=3&sort=&nb=8","Yamaha N MAX","1 200 000 FCFA","HLM",""
"1706122852-133","https://dakarvente.com/index.php?page=annonces_categorie&id=3&sort=&nb=8","Kawasaki Z1800","3 000 000 FCFA","Dakar",""
"1706122852-134","https://dakarvente.com/index.php?page=annonces_categorie&id=3&sort=&nb=8","Burgman 125","500 000 FCFA","Dakar",""
"1706122852-135","https://dakarvente.com/index.php?page=annonces_categorie&id=3&sort=&nb=8","Piaggio liberty 80","150 000 FCFA","Dakar",""
"1706122862-136","https://dakarvente.com/index.php?page=annonces_categorie&id=3&sort=&nb=7","Vente d’une moto Majesty 400 neuve","900 000 FCFA","Almadies",""
"1706122862-137","https://dakarvente.com/index.php?page=annonces_categorie&id=3&sort=&nb=7","Moto Jakarta","320 000 FCFA","Ouest Foire",""
"1706122862-138","https://dakarvente.com/index.php?page=annonces_categorie&id=3&sort=&nb=7","Scooter à vendre","750 000 FCFA","Almadies",""
"1706122862-139","https://dakarvente.com/index.php?page=annonces_categorie&id=3&sort=&nb=7","Honda Forza","450 000 FCFA","Ouakam",""
"1706122862-140","https://dakarvente.com/index.php?page=annonces_categorie&id=3&sort=&nb=7","Honda Nigthawk","650 000 FCFA","Dakar",""
"1706122862-141","https://dakarvente.com/index.php?page=annonces_categorie&id=3&sort=&nb=7","Moto flu Derby 125","325 000 FCFA","Dakar",""
"1706122862-142","https://dakarvente.com/index.php?page=annonces_categorie&id=3&sort=&nb=7","Moto Jakarta KTM","160 000 FCFA","Keur Massar",""
"1706122862-143","https://dakarvente.com/index.php?page=annonces_categorie&id=3&sort=&nb=7","Honda XADV","3 850 000 FCFA","Dakar",""
"1706122862-144","https://dakarvente.com/index.php?page=annonces_categorie&id=3&sort=&nb=7","Moto Xmax250","300 000 FCFA","Cité Batrain",""
"1706122862-145","https://dakarvente.com/index.php?page=annonces_categorie&id=3&sort=&nb=7","Piaggio carnaby 125","365 000 FCFA","Guédiawaye",""
"1706122862-146","https://dakarvente.com/index.php?page=annonces_categorie&id=3&sort=&nb=7","Yamaha piwi 50 2008","150 000 FCFA","Sacré Coeur",""
"1706122862-147","https://dakarvente.com/index.php?page=annonces_categorie&id=3&sort=&nb=7","Yamaha Majesty","550 000 FCFA","Dakar",""
"1706122862-148","https://dakarvente.com/index.php?page=annonces_categorie&id=3&sort=&nb=7","Moto ducati hypermétropie 803cc","1 300 000 FCFA","Dakar",""
"1706122862-149","https://dakarvente.com/index.php?page=annonces_categorie&id=3&sort=&nb=7","gilera nexus 500","700 000 FCFA","Pikine",""
"1706122862-150","https://dakarvente.com/index.php?page=annonces_categorie&id=3&sort=&nb=7","Malagutti f10","115 000 FCFA","Thiès",""
"1706122862-151","https://dakarvente.com/index.php?page=annonces_categorie&id=3&sort=&nb=7","Moto super gorilla","80 000 FCFA","Tambacounda",""
"1706122862-152","https://dakarvente.com/index.php?page=annonces_categorie&id=3&sort=&nb=7","KAWASAKI 2013 Z1000","","Dakar",""
"1706122862-153","https://dakarvente.com/index.php?page=annonces_categorie&id=3&sort=&nb=7","Suzuki gsxr 1000 2016","","Dakar",""
"1706122862-154","https://dakarvente.com/index.php?page=annonces_categorie&id=3&sort=&nb=7","2018 BMW R 1200 GS ADVENTURE","3 000 000 FCFA","Dakar",""
"1706122862-155","https://dakarvente.com/index.php?page=annonces_categorie&id=3&sort=&nb=7","Moto liberty sh 150","","Rufisque",""
"1706122862-156","https://dakarvente.com/index.php?page=annonces_categorie&id=3&sort=&nb=7","Yamaha x city 250i","800 000 FCFA","Dakar",""
"1706122862-157","https://dakarvente.com/index.php?page=annonces_categorie&id=3&sort=&nb=7","Vends Jakarta","200 000 FCFA","Yoff",""
"1706122862-158","https://dakarvente.com/index.php?page=annonces_categorie&id=3&sort=&nb=7","Piaggio Zip SP 50cc","250 000 FCFA","Dieuppeul",""
"1706122862-159","https://dakarvente.com/index.php?page=annonces_categorie&id=3&sort=&nb=7","Yamaha XMax 250i","700 000 FCFA","Thiès",""
"1706122862-160","https://dakarvente.com/index.php?page=annonces_categorie&id=3&sort=&nb=7","Beverly 500i","800 000 FCFA","Thiès",""
"1706122862-161","https://dakarvente.com/index.php?page=annonces_categorie&id=3&sort=&nb=7","Typhoon nouveau modèle","180 000 FCFA","Liberté 2",""
"1706122862-162","https://dakarvente.com/index.php?page=annonces_categorie&id=3&sort=&nb=7","Liberty 150","425 000 FCFA","Dakar",""
"1706122862-163","https://dakarvente.com/index.php?page=annonces_categorie&id=3&sort=&nb=7","Xcity 250 injection","800 000 FCFA","Sacré Coeur",""
"1706122862-164","https://dakarvente.com/index.php?page=annonces_categorie&id=3&sort=&nb=7","Z1000","2 200 000 FCFA","Dakar",""
"1706122862-165","https://dakarvente.com/index.php?page=annonces_categorie&id=3&sort=&nb=7","X9 500","600 000 FCFA","Rufisque",""
"1706122862-166","https://dakarvente.com/index.php?page=annonces_categorie&id=3&sort=&nb=7","Scooter Typhoon","100 000 FCFA","Dakar",""
"1706122862-167","https://dakarvente.com/index.php?page=annonces_categorie&id=3&sort=&nb=7","A vendre MOTOCROSS YAMAHA YZ450","1 500 000 FCFA","Almadies",""
"1706122862-168","https://dakarvente.com/index.php?page=annonces_categorie&id=3&sort=&nb=7","Yamaha neo’s","280 000 FCFA","Dakar",""
"1706122862-169","https://dakarvente.com/index.php?page=annonces_categorie&id=3&sort=&nb=7","HONDA XADV","3 900 000 FCFA","Dakar",""
"1706122862-170","https://dakarvente.com/index.php?page=annonces_categorie&id=3&sort=&nb=7","honda varadero 1000cc","1 500 000 FCFA","Dakar",""
"1706122862-171","https://dakarvente.com/index.php?page=annonces_categorie&id=3&sort=&nb=7","Moto tvs star sport avec CMC","600 000 FCFA","Kolda",""
"1706122862-172","https://dakarvente.com/index.php?page=annonces_categorie&id=3&sort=&nb=7","sport city 200cc","420 000 FCFA","Point E",""
"1706122862-173","https://dakarvente.com/index.php?page=annonces_categorie&id=3&sort=&nb=7","Honda Forza","400 FCFA","Dakar",""
"1706122862-174","https://dakarvente.com/index.php?page=annonces_categorie&id=3&sort=&nb=7","Vente de Yamaha très propre et très puissante","2 300 000 FCFA","Kolda",""
"1706122862-175","https://dakarvente.com/index.php?page=annonces_categorie&id=3&sort=&nb=7","TRICYCLE moto taxi 200cc en très bon état","1 000 000 FCFA","Rufisque",""
"1706122862-176","https://dakarvente.com/index.php?page=annonces_categorie&id=3&sort=&nb=7","Scooter","435 000 FCFA","Guédiawaye",""
"1706122862-177","https://dakarvente.com/index.php?page=annonces_categorie&id=3&sort=&nb=7","Emploi","60 000 FCFA","Colobane",""
"1706122873-178","https://dakarvente.com/index.php?page=annonces_categorie&id=3&sort=&nb=6","Honda SH 300","800 000 FCFA","Tivaouane",""
"1706122873-179","https://dakarvente.com/index.php?page=annonces_categorie&id=3&sort=&nb=6","Moto Honda SH","650 000 FCFA","Thiès",""
"1706122873-180","https://dakarvente.com/index.php?page=annonces_categorie&id=3&sort=&nb=6","Tricycle 150CC /170 Cm","1 270 000 FCFA","Sacré Coeur",""
"1706122873-181","https://dakarvente.com/index.php?page=annonces_categorie&id=3&sort=&nb=6","A vendre moto Yamaha 250 TTR","1 250 000 FCFA","Mbour",""
"1706122873-182","https://dakarvente.com/index.php?page=annonces_categorie&id=3&sort=&nb=6","Piaggio Liberty 50","275 000 FCFA","Guédiawaye",""
"1706122873-183","https://dakarvente.com/index.php?page=annonces_categorie&id=3&sort=&nb=6","Runner VXR 200","500 000 FCFA","Guédiawaye",""
"1706122873-184","https://dakarvente.com/index.php?page=annonces_categorie&id=3&sort=&nb=6","Typhoon nouveau modèle","275 000 FCFA","Guédiawaye",""
"1706122873-185","https://dakarvente.com/index.php?page=annonces_categorie&id=3&sort=&nb=6","Gilera Runner Vxr 200","600 000 FCFA","Guédiawaye",""
"1706122873-186","https://dakarvente.com/index.php?page=annonces_categorie&id=3&sort=&nb=6","Vends scooter","450 000 FCFA","Parcelles assainies",""
"1706122873-187","https://dakarvente.com/index.php?page=annonces_categorie&id=3&sort=&nb=6","Yamaha Majesty 400","600 000 FCFA","Liberté 6",""
"1706122873-188","https://dakarvente.com/index.php?page=annonces_categorie&id=3&sort=&nb=6","Jakarta Ktm","","Kaolack",""
"1706122873-189","https://dakarvente.com/index.php?page=annonces_categorie&id=3&sort=&nb=6","Piaggio Liberty 2t","285 000 FCFA","Guédiawaye",""
"1706122873-190","https://dakarvente.com/index.php?page=annonces_categorie&id=3&sort=&nb=6","Piaggio Fly 4t 50","300 000 FCFA","Guédiawaye",""
"1706122873-191","https://dakarvente.com/index.php?page=annonces_categorie&id=3&sort=&nb=6","Sym citycom 300i","850 000 FCFA","Rufisque",""
"1706122873-192","https://dakarvente.com/index.php?page=annonces_categorie&id=3&sort=&nb=6","TMAX 560 2020","5 500 000 FCFA","Mermoz",""
"1706122873-193","https://dakarvente.com/index.php?page=annonces_categorie&id=3&sort=&nb=6","Vélo urbain","45 000 FCFA","Saint Louis",""
"1706122873-194","https://dakarvente.com/index.php?page=annonces_categorie&id=3&sort=&nb=6","Vente de Majesty 400 neuf","900 000 FCFA","Amitié",""
"1706122873-195","https://dakarvente.com/index.php?page=annonces_categorie&id=3&sort=&nb=6","JAKARTA YAMAHA NOUVEAU MODELE","350 000 FCFA","Colobane",""
"1706122873-196","https://dakarvente.com/index.php?page=annonces_categorie&id=3&sort=&nb=6","Malaguti phantom","280 000 FCFA","Thiès",""
"1706122873-197","https://dakarvente.com/index.php?page=annonces_categorie&id=3&sort=&nb=6","Piaggio 2T","","Guédiawaye",""
"1706122873-198","https://dakarvente.com/index.php?page=annonces_categorie&id=3&sort=&nb=6","Gilera Runner","375 000 FCFA","Thiès",""
"1706122873-199","https://dakarvente.com/index.php?page=annonces_categorie&id=3&sort=&nb=6","BMW 1200 GS","2 000 000 FCFA","Rufisque",""
"1706122873-200","https://dakarvente.com/index.php?page=annonces_categorie&id=3&sort=&nb=6","Vespa Primavera","340 000 FCFA","Guédiawaye",""
"1706122873-201","https://dakarvente.com/index.php?page=annonces_categorie&id=3&sort=&nb=6","Quad Juanshie 250","100 FCFA","Thiaroye",""
"1706122873-202","https://dakarvente.com/index.php?page=annonces_categorie&id=3&sort=&nb=6","Quad 200","","Thiaroye",""
"1706122873-203","https://dakarvente.com/index.php?page=annonces_categorie&id=3&sort=&nb=6","Xmax nouveau modèle","850 FCFA","Dakar",""
"1706122873-204","https://dakarvente.com/index.php?page=annonces_categorie&id=3&sort=&nb=6","Moto Majesty","350 000 FCFA","Parcelles assainies",""
"1706122873-205","https://dakarvente.com/index.php?page=annonces_categorie&id=3&sort=&nb=6","Scooter x8","650 000 FCFA","Grand Yoff",""
"1706122873-206","https://dakarvente.com/index.php?page=annonces_categorie&id=3&sort=&nb=6","Scooter Piaggio Typhoon","130 000 FCFA","Dakar",""
"1706122873-207","https://dakarvente.com/index.php?page=annonces_categorie&id=3&sort=&nb=6","Yamaha Majesty 400 cm3","600 000 FCFA","Dakar",""
"1706122873-208","https://dakarvente.com/index.php?page=annonces_categorie&id=3&sort=&nb=6","Scooter","400 000 FCFA","Liberté 6",""
"1706122873-209","https://dakarvente.com/index.php?page=annonces_categorie&id=3&sort=&nb=6","Recherche ma toute première moto","250 000 FCFA","Mermoz",""
"1706122873-210","https://dakarvente.com/index.php?page=annonces_categorie&id=3&sort=&nb=6","Moto Atlantique","600 000 FCFA","Mbao",""
"1706122873-211","https://dakarvente.com/index.php?page=annonces_categorie&id=3&sort=&nb=6","Moto Enduro Honda","1 200 000 FCFA","Liberté 6",""
"1706122873-212","https://dakarvente.com/index.php?page=annonces_categorie&id=3&sort=&nb=6","Moto Kawazaki","950 000 FCFA","Diamniadio",""
"1706122873-213","https://dakarvente.com/index.php?page=annonces_categorie&id=3&sort=&nb=6","Yamaha MT03","1 400 000 FCFA","Pikine",""
"1706122873-214","https://dakarvente.com/index.php?page=annonces_categorie&id=3&sort=&nb=6","Vespa Lx 150","520 000 FCFA","Dakar",""
"1706122873-215","https://dakarvente.com/index.php?page=annonces_categorie&id=3&sort=&nb=6","Kymco people 200","250 000 FCFA","Dakar",""
"1706122873-216","https://dakarvente.com/index.php?page=annonces_categorie&id=3&sort=&nb=6","Burgman 400","850 000 FCFA","Rufisque",""
"1706122873-217","https://dakarvente.com/index.php?page=annonces_categorie&id=3&sort=&nb=6","Burgman 400","850 000 FCFA","Rufisque",""
"1706122873-218","https://dakarvente.com/index.php?page=annonces_categorie&id=3&sort=&nb=6","Burgman 150","450 000 FCFA","Rufisque",""
"1706122873-219","https://dakarvente.com/index.php?page=annonces_categorie&id=3&sort=&nb=6","Honda sh300i","1 000 000 FCFA","Liberté 6",""
"1706122885-220","https://dakarvente.com/index.php?page=annonces_categorie&id=3&sort=&nb=5","Honda sh","500 000 FCFA","Dakar",""
"1706122885-221","https://dakarvente.com/index.php?page=annonces_categorie&id=3&sort=&nb=5","Piaggio Liberty 50cc","350 000 FCFA","Guédiawaye",""
"1706122885-222","https://dakarvente.com/index.php?page=annonces_categorie&id=3&sort=&nb=5","Scooter à vendre","700 000 FCFA","Pikine",""
"1706122885-223","https://dakarvente.com/index.php?page=annonces_categorie&id=3&sort=&nb=5","Jakarta KTM","390 000 FCFA","Keur Massar",""
"1706122885-224","https://dakarvente.com/index.php?page=annonces_categorie&id=3&sort=&nb=5","Piaggo X9 500 avec carte grise et assurance","500 000 FCFA","Sacré Coeur",""
"1706122885-225","https://dakarvente.com/index.php?page=annonces_categorie&id=3&sort=&nb=5","Scooter à vendre","400 000 FCFA","Dakar",""
"1706122885-226","https://dakarvente.com/index.php?page=annonces_categorie&id=3&sort=&nb=5","Piaggio Runner Vxr","550 000 FCFA","Dakar",""
"1706122885-227","https://dakarvente.com/index.php?page=annonces_categorie&id=3&sort=&nb=5","Piaggio Fly nouveau modèle 4t50cc","375 000 FCFA","Guédiawaye",""
"1706122885-228","https://dakarvente.com/index.php?page=annonces_categorie&id=3&sort=&nb=5","XMAX 250","650 000 FCFA","Guédiawaye",""
"1706122885-229","https://dakarvente.com/index.php?page=annonces_categorie&id=3&sort=&nb=5","Piaggio Liberty 50 cc 2 temps","180 000 FCFA","Hann Bel-Air",""
"1706122885-230","https://dakarvente.com/index.php?page=annonces_categorie&id=3&sort=&nb=5","Vespa Primavera s 100cc","650 000 FCFA","Golf",""
"1706122885-231","https://dakarvente.com/index.php?page=annonces_categorie&id=3&sort=&nb=5","Vespa primavera 150cc nouveau modèle","950 000 FCFA","Pikine",""
"1706122885-232","https://dakarvente.com/index.php?page=annonces_categorie&id=3&sort=&nb=5","Tmax 530 2012","2 700 000 FCFA","Dakar",""
"1706122885-233","https://dakarvente.com/index.php?page=annonces_categorie&id=3&sort=&nb=5","Moto Yamaha TZR","290 999 FCFA","Sébikotane",""
"1706122885-234","https://dakarvente.com/index.php?page=annonces_categorie&id=3&sort=&nb=5","Typhoon","230 000 FCFA","Dakar",""
"1706122885-235","https://dakarvente.com/index.php?page=annonces_categorie&id=3&sort=&nb=5","Liberty S nouveau modèle 50","480 000 FCFA","Guédiawaye",""
"1706122885-236","https://dakarvente.com/index.php?page=annonces_categorie&id=3&sort=&nb=5","JAKARTA HOUSE","390 000 FCFA","Mbao",""
"1706122885-237","https://dakarvente.com/index.php?page=annonces_categorie&id=3&sort=&nb=5","QUAD KYMCO 50 COMPÉTITION NEU50F","","Thiaroye",""
"1706122885-238","https://dakarvente.com/index.php?page=annonces_categorie&id=3&sort=&nb=5","Piaggio Liberty 50 cc","280 000 FCFA","Golf",""
"1706122885-239","https://dakarvente.com/index.php?page=annonces_categorie&id=3&sort=&nb=5","Scooter SH","670 000 FCFA","Hann Bel-Air",""
"1706122885-240","https://dakarvente.com/index.php?page=annonces_categorie&id=3&sort=&nb=5","Moto Suzuki Bandit","1 300 000 FCFA","Rufisque",""
"1706122885-241","https://dakarvente.com/index.php?page=annonces_categorie&id=3&sort=&nb=5","Liberty","","Almadies",""
"1706122885-242","https://dakarvente.com/index.php?page=annonces_categorie&id=3&sort=&nb=5","Piaggio Liberty 50cc","285 950 FCFA","Dakar",""
"1706122885-243","https://dakarvente.com/index.php?page=annonces_categorie&id=3&sort=&nb=5","Honda Panthéon 150","400 000 FCFA","Thiès",""
"1706122885-244","https://dakarvente.com/index.php?page=annonces_categorie&id=3&sort=&nb=5","Vespa Primavera 4t50","420 000 FCFA","Dakar",""
"1706122885-245","https://dakarvente.com/index.php?page=annonces_categorie&id=3&sort=&nb=5","Honda Vision","450 000 FCFA","Golf",""
"1706122885-246","https://dakarvente.com/index.php?page=annonces_categorie&id=3&sort=&nb=5","Scooter X9 Foresight","600 000 FCFA","Amitié",""
"1706122885-247","https://dakarvente.com/index.php?page=annonces_categorie&id=3&sort=&nb=5","Mbk Rocket 80cc","275 000 FCFA","Dakar",""
"1706122885-248","https://dakarvente.com/index.php?page=annonces_categorie&id=3&sort=&nb=5","Scooter Versa","500 000 FCFA","Pikine",""
"1706122885-249","https://dakarvente.com/index.php?page=annonces_categorie&id=3&sort=&nb=5","Moto Jakarta KTM","350 000 FCFA","Keur Massar",""
"1706122885-250","https://dakarvente.com/index.php?page=annonces_categorie&id=3&sort=&nb=5","Moto Versa","550 000 FCFA","Guédiawaye",""
"1706122885-251","https://dakarvente.com/index.php?page=annonces_categorie&id=3&sort=&nb=5","Av Ette Piaggio 125","200 000 FCFA","Golf",""
"1706122885-252","https://dakarvente.com/index.php?page=annonces_categorie&id=3&sort=&nb=5","Liberty","370 000 FCFA","HLM",""
"1706122885-253","https://dakarvente.com/index.php?page=annonces_categorie&id=3&sort=&nb=5","BMW F800 GS","2 000 000 FCFA","Dakar",""
"1706122885-254","https://dakarvente.com/index.php?page=annonces_categorie&id=3&sort=&nb=5","Ovetto 100cc","275 000 FCFA","Golf",""
"1706122885-255","https://dakarvente.com/index.php?page=annonces_categorie&id=3&sort=&nb=5","KTM GT 1200 super duke 2017","2 500 000 FCFA","Mamelles",""
"1706122885-256","https://dakarvente.com/index.php?page=annonces_categorie&id=3&sort=&nb=5","Vente d'une moto Honda forza 250","550 000 FCFA","Ziguinchor",""
"1706122885-257","https://dakarvente.com/index.php?page=annonces_categorie&id=3&sort=&nb=5","Liberty 4t 50cc","290 000 FCFA","Golf",""
"1706122885-258","https://dakarvente.com/index.php?page=annonces_categorie&id=3&sort=&nb=5","XMAX 2012","950 000 FCFA","Grand Dakar",""
"1706122885-259","https://dakarvente.com/index.php?page=annonces_categorie&id=3&sort=&nb=5","Magesty 400 nouveau modèle","900 000 FCFA","Castors",""
"1706122885-260","https://dakarvente.com/index.php?page=annonces_categorie&id=3&sort=&nb=5","Gilera Runner sp 250cc","875 000 FCFA","Guédiawaye",""
"1706122885-261","https://dakarvente.com/index.php?page=annonces_categorie&id=3&sort=&nb=5","Honda SH 300","600 000 FCFA","Patte d'Oie",""
"1706122893-262","https://dakarvente.com/index.php?page=annonces_categorie&id=3&sort=&nb=4","Kymco G-Dink Jager 125ie injection modèle 2015  Venant","675 000 FCFA","HLM",""
"1706122893-263","https://dakarvente.com/index.php?page=annonces_categorie&id=3&sort=&nb=4","Scooter Honda Dylan","450 000 FCFA","Parcelles assainies",""
"1706122893-264","https://dakarvente.com/index.php?page=annonces_categorie&id=3&sort=&nb=4","Honda Vision 110ie année 2012 Venant","625 000 FCFA","Fass",""
"1706122893-265","https://dakarvente.com/index.php?page=annonces_categorie&id=3&sort=&nb=4","Liberty 125cm3 carburateur nouveau modèle Venant","675 000 FCFA","Fass",""
"1706122893-266","https://dakarvente.com/index.php?page=annonces_categorie&id=3&sort=&nb=4","Cygnus 125ie injection Venant","625 000 FCFA","HLM",""
"1706122893-267","https://dakarvente.com/index.php?page=annonces_categorie&id=3&sort=&nb=4","Jakarta House","400 000 FCFA","Keur Massar",""
"1706122893-268","https://dakarvente.com/index.php?page=annonces_categorie&id=3&sort=&nb=4","Sportcity 200cc","650 000 FCFA","Golf",""
"1706122893-269","https://dakarvente.com/index.php?page=annonces_categorie&id=3&sort=&nb=4","Scooter SH Honda","600 000 FCFA","Mbao",""
"1706122893-270","https://dakarvente.com/index.php?page=annonces_categorie&id=3&sort=&nb=4","X8 Piaggio 200cm3","625 000 FCFA","HLM",""
"1706122893-271","https://dakarvente.com/index.php?page=annonces_categorie&id=3&sort=&nb=4","Ovetto neos 50cc","275 000 FCFA","Golf",""
"1706122893-272","https://dakarvente.com/index.php?page=annonces_categorie&id=3&sort=&nb=4","XMAX 250 avec CMC","950 000 FCFA","Dakar",""
"1706122893-273","https://dakarvente.com/index.php?page=annonces_categorie&id=3&sort=&nb=4","Zusuki Burgman 125CC","450 000 FCFA","Dakar",""
"1706122893-274","https://dakarvente.com/index.php?page=annonces_categorie&id=3&sort=&nb=4","Kymco Agility R16 150ie année 2020 CMC disponible","675 000 FCFA","HLM",""
"1706122893-275","https://dakarvente.com/index.php?page=annonces_categorie&id=3&sort=&nb=4","Piaggio fly 4t50cc","300 000 FCFA","Dakar",""
"1706122893-276","https://dakarvente.com/index.php?page=annonces_categorie&id=3&sort=&nb=4","Scooter Aprillia moteur 200","500 000 FCFA","Mbao",""
"1706122893-277","https://dakarvente.com/index.php?page=annonces_categorie&id=3&sort=&nb=4","Moto XMAX 250","70 FCFA","Bambey",""
"1706122893-278","https://dakarvente.com/index.php?page=annonces_categorie&id=3&sort=&nb=4","Jakarta House VENANT","400 000 FCFA","Keur Massar",""
"1706122893-279","https://dakarvente.com/index.php?page=annonces_categorie&id=3&sort=&nb=4","Moto Jakarta","","Castors",""
"1706122893-280","https://dakarvente.com/index.php?page=annonces_categorie&id=3&sort=&nb=4","Motos à vendre","550 000 FCFA","Castors",""
"1706122893-281","https://dakarvente.com/index.php?page=annonces_categorie&id=3&sort=&nb=4","Scooter Piagio  x8","350 000 FCFA","Cambérène",""
"1706122893-282","https://dakarvente.com/index.php?page=annonces_categorie&id=3&sort=&nb=4","Piaggio Liberty 50 cc 2 temps","185 000 FCFA","Hann Bel-Air",""
"1706122893-283","https://dakarvente.com/index.php?page=annonces_categorie&id=3&sort=&nb=4","Malaguti Drakon 50cc","400 000 FCFA","Maristes",""
"1706122893-284","https://dakarvente.com/index.php?page=annonces_categorie&id=3&sort=&nb=4","Mio 100cm3 carburateur","375 000 FCFA","HLM",""
"1706122893-285","https://dakarvente.com/index.php?page=annonces_categorie&id=3&sort=&nb=4","Scooter Agilty Kymco","350 000 FCFA","Maristes",""
"1706122893-286","https://dakarvente.com/index.php?page=annonces_categorie&id=3&sort=&nb=4","Vespa LX 125cm3 carburateur","500 000 FCFA","HLM",""
"1706122893-287","https://dakarvente.com/index.php?page=annonces_categorie&id=3&sort=&nb=4","Ford Ranger 2016","11 900 000 FCFA","Dakar",""
"1706122893-288","https://dakarvente.com/index.php?page=annonces_categorie&id=3&sort=&nb=4","Malaguti F12r 50cc","375 000 FCFA","Guédiawaye",""
"1706122893-289","https://dakarvente.com/index.php?page=annonces_categorie&id=3&sort=&nb=4","Runner 50cc","380 000 FCFA","Guédiawaye",""
"1706122893-290","https://dakarvente.com/index.php?page=annonces_categorie&id=3&sort=&nb=4","Xcity 250ie année 2019","850 000 FCFA","HLM",""
"1706122893-291","https://dakarvente.com/index.php?page=annonces_categorie&id=3&sort=&nb=4","Moto Jakarta KTM","","Castors",""
"1706122893-292","https://dakarvente.com/index.php?page=annonces_categorie&id=3&sort=&nb=4","Piaggio Liberty 50 cc 2 temps","185 000 FCFA","Hann Bel-Air",""
"1706122893-293","https://dakarvente.com/index.php?page=annonces_categorie&id=3&sort=&nb=4","Zip 2t 50cc","","Almadies",""
"1706122893-294","https://dakarvente.com/index.php?page=annonces_categorie&id=3&sort=&nb=4","Vente moto - Honda X-ADV 2018","1 900 000 FCFA","Grand Dakar",""
"1706122893-295","https://dakarvente.com/index.php?page=annonces_categorie&id=3&sort=&nb=4","Liberty S nouveau modèle 4t50cc","320 000 FCFA","Guédiawaye",""
"1706122893-296","https://dakarvente.com/index.php?page=annonces_categorie&id=3&sort=&nb=4","Kymco Agility 4t50cc","350 000 FCFA","Guédiawaye",""
"1706122893-297","https://dakarvente.com/index.php?page=annonces_categorie&id=3&sort=&nb=4","Fly nouveau modèle 4t100cc","375 000 FCFA","Guédiawaye",""
"1706122893-298","https://dakarvente.com/index.php?page=annonces_categorie&id=3&sort=&nb=4","Derbi Atlantis 100cc 4t","365 000 FCFA","Guédiawaye",""
"1706122893-299","https://dakarvente.com/index.php?page=annonces_categorie&id=3&sort=&nb=4","Scooter Yamaha Nitro","250 000 FCFA","Liberté 6",""
"1706122893-300","https://dakarvente.com/index.php?page=annonces_categorie&id=3&sort=&nb=4","Aprillia sr factory 50cc","350 000 FCFA","Guédiawaye",""
"1706122893-301","https://dakarvente.com/index.php?page=annonces_categorie&id=3&sort=&nb=4","Liberty 150i","350 000 FCFA","Dakar",""
"1706122893-302","https://dakarvente.com/index.php?page=annonces_categorie&id=3&sort=&nb=4","Piaggio Typhoon 50","230 000 FCFA","Dakar",""
"1706122893-303","https://dakarvente.com/index.php?page=annonces_categorie&id=3&sort=&nb=4","Fly piaggio","350 000 FCFA","Dakar",""
"1706122899-304","https://dakarvente.com/index.php?page=annonces_categorie&id=3&sort=&nb=3","Piaggio free live 50cc","265 000 FCFA","Dakar",""
"1706122899-305","https://dakarvente.com/index.php?page=annonces_categorie&id=3&sort=&nb=3","Sportcity derbi 125cc nouveau modèle","650 000 FCFA","Guédiawaye",""
"1706122899-306","https://dakarvente.com/index.php?page=annonces_categorie&id=3&sort=&nb=3","Piaggio liberty 50cc","290 000 FCFA","Dakar",""
"1706122899-307","https://dakarvente.com/index.php?page=annonces_categorie&id=3&sort=&nb=3","Yamaha neos4 4tamps 50cc injection nouveau modèle","365 000 FCFA","Dakar",""
"1706122899-308","https://dakarvente.com/index.php?page=annonces_categorie&id=3&sort=&nb=3","Derbi Atlantis 100cc","375 000 FCFA","Dakar",""
"1706122899-309","https://dakarvente.com/index.php?page=annonces_categorie&id=3&sort=&nb=3","Yamaha neos4 Nouveau modèle 4t50cc","380 000 FCFA","Castors",""
"1706122899-310","https://dakarvente.com/index.php?page=annonces_categorie&id=3&sort=&nb=3","Scooter Venant 4 temps 125 cc","250 000 FCFA","Guédiawaye",""
"1706122899-311","https://dakarvente.com/index.php?page=annonces_categorie&id=3&sort=&nb=3","X8 Piaggio 250ie injection Venant","850 000 FCFA","Fass",""
"1706122899-312","https://dakarvente.com/index.php?page=annonces_categorie&id=3&sort=&nb=3","Kisbee 50 black édition nouveau modèle 2021","375 000 FCFA","Dakar",""
"1706122899-313","https://dakarvente.com/index.php?page=annonces_categorie&id=3&sort=&nb=3","Quad Cfmoto 1000","7 800 000 FCFA","Mbour",""
"1706122899-314","https://dakarvente.com/index.php?page=annonces_categorie&id=3&sort=&nb=3","Aprillia sxr 50c année 2022","800 000 FCFA","Dakar",""
"1706122899-315","https://dakarvente.com/index.php?page=annonces_categorie&id=3&sort=&nb=3","TMAX 2019 SX","2 300 000 FCFA","Golf",""
"1706122899-316","https://dakarvente.com/index.php?page=annonces_categorie&id=3&sort=&nb=3","Scooter Sh 150i Avec Carte grise Assurance 1 Ans sa fume 400 000 FCFA","","Dakar",""
"1706122899-317","https://dakarvente.com/index.php?page=annonces_categorie&id=3&sort=&nb=3","Vespa lx 50cc","450 000 FCFA","Dakar",""
"1706122899-318","https://dakarvente.com/index.php?page=annonces_categorie&id=3&sort=&nb=3","Yamaha XMAX Sport 125ie injection Venant","725 000 FCFA","Fass",""
"1706122899-319","https://dakarvente.com/index.php?page=annonces_categorie&id=3&sort=&nb=3","Kymco Dink 200ie injection Venant","625 000 FCFA","Fass",""
"1706122899-320","https://dakarvente.com/index.php?page=annonces_categorie&id=3&sort=&nb=3","Yamaha neos4 injection 4t50cc","380 000 FCFA","Dakar",""
"1706122899-321","https://dakarvente.com/index.php?page=annonces_categorie&id=3&sort=&nb=3","Kymco Agility fR 4t50cc","350 000 FCFA","Guédiawaye",""
"1706122899-322","https://dakarvente.com/index.php?page=annonces_categorie&id=3&sort=&nb=3","Motos à vendre","570 000 FCFA","Castors",""
"1706122899-323","https://dakarvente.com/index.php?page=annonces_categorie&id=3&sort=&nb=3","Piaggio Free 50cc","275 000 FCFA","Dakar",""
"1706122899-324","https://dakarvente.com/index.php?page=annonces_categorie&id=3&sort=&nb=3","Sym fiddle2 4t50cc","350 000 FCFA","Dakar",""
"1706122899-325","https://dakarvente.com/index.php?page=annonces_categorie&id=3&sort=&nb=3","Liberty s nouveau modèle","450 000 FCFA","Dakar",""
"1706122899-326","https://dakarvente.com/index.php?page=annonces_categorie&id=3&sort=&nb=3","Honda SH 125i","375 000 FCFA","Malika",""
"1706122899-327","https://dakarvente.com/index.php?page=annonces_categorie&id=3&sort=&nb=3","Vespa lx 50cc","","Dakar",""
"1706122899-328","https://dakarvente.com/index.php?page=annonces_categorie&id=3&sort=&nb=3","Kisbee","350 FCFA","Dakar",""
"1706122899-329","https://dakarvente.com/index.php?page=annonces_categorie&id=3&sort=&nb=3","Liberty 4v nouveau modèle","","Dakar",""
"1706122899-330","https://dakarvente.com/index.php?page=annonces_categorie&id=3&sort=&nb=3","Liberty 50","220 000 FCFA","Dakar",""
"1706122899-331","https://dakarvente.com/index.php?page=annonces_categorie&id=3&sort=&nb=3","Zip 50","250 FCFA","Dakar",""
"1706122899-332","https://dakarvente.com/index.php?page=annonces_categorie&id=3&sort=&nb=3","Honda Sh 2021","2 100 000 FCFA","Parcelles assainies",""
"1706122899-333","https://dakarvente.com/index.php?page=annonces_categorie&id=3&sort=&nb=3","Burgman 200ie freins ABS Venant","725 000 FCFA","HLM",""
"1706122899-334","https://dakarvente.com/index.php?page=annonces_categorie&id=3&sort=&nb=3","Yamaha Cygnus X 125cc avec carte grise","550 000 FCFA","Médina",""
"1706122899-335","https://dakarvente.com/index.php?page=annonces_categorie&id=3&sort=&nb=3","Sportcity one 125cc","550 FCFA","Dakar",""
"1706122899-336","https://dakarvente.com/index.php?page=annonces_categorie&id=3&sort=&nb=3","Vespa","420 000 FCFA","Dakar",""
"1706122899-337","https://dakarvente.com/index.php?page=annonces_categorie&id=3&sort=&nb=3","Piaggio Fly nouveau modèle 4t50cc","380 000 FCFA","Dakar",""
"1706122899-338","https://dakarvente.com/index.php?page=annonces_categorie&id=3&sort=&nb=3","Moto jakarta","490 000 FCFA","Castors",""
"1706122899-339","https://dakarvente.com/index.php?page=annonces_categorie&id=3&sort=&nb=3","Gilera sp 50cc nouveau","380 000 FCFA","Dakar",""
"1706122899-340","https://dakarvente.com/index.php?page=annonces_categorie&id=3&sort=&nb=3","F12R 50cc nouveau modèle","375 000 FCFA","Dakar",""
"1706122899-341","https://dakarvente.com/index.php?page=annonces_categorie&id=3&sort=&nb=3","Xmax 400","1 200 000 FCFA","Dieuppeul",""
"1706122899-342","https://dakarvente.com/index.php?page=annonces_categorie&id=3&sort=&nb=3","Piaggio 4 temps","120 000 FCFA","Rufisque",""
"1706122899-343","https://dakarvente.com/index.php?page=annonces_categorie&id=3&sort=&nb=3","Peugeot Rs 4t50cc injection","350 000 FCFA","Dakar",""
"1706122899-344","https://dakarvente.com/index.php?page=annonces_categorie&id=3&sort=&nb=3","Mbk nitro","350 000 FCFA","Golf",""
"1706122899-345","https://dakarvente.com/index.php?page=annonces_categorie&id=3&sort=&nb=3","Kymco 200cc","600 000 FCFA","Médina",""
"1706122904-346","https://dakarvente.com/index.php?page=annonces_categorie&id=3&sort=&nb=2","Huojun","280 000 FCFA","Dakar",""
"1706122904-347","https://dakarvente.com/index.php?page=annonces_categorie&id=3&sort=&nb=2","Scooter Lifan","1 750 000 FCFA","Derklé",""
"1706122904-348","https://dakarvente.com/index.php?page=annonces_categorie&id=3&sort=&nb=2","Kymco Like 200ie injection Venant papiers cmc original","650 000 FCFA","Fass",""
"1706122904-349","https://dakarvente.com/index.php?page=annonces_categorie&id=3&sort=&nb=2","MOTO MALAGUTI SANS PAPIERS","120 000 FCFA","Mbao",""
"1706122904-350","https://dakarvente.com/index.php?page=annonces_categorie&id=3&sort=&nb=2","Moto HONDA","500 000 FCFA","Mbour",""
"1706122904-351","https://dakarvente.com/index.php?page=annonces_categorie&id=3&sort=&nb=2","Burgman 200ie injection freins ABS avant-arrière venant papiers cmc original","700 000 FCFA","Fass",""
"1706122904-352","https://dakarvente.com/index.php?page=annonces_categorie&id=3&sort=&nb=2","Peugeot Vivacity 100cm3 carburateur venant papiers cmc disponible","500 000 FCFA","Fass",""
"1706122904-353","https://dakarvente.com/index.php?page=annonces_categorie&id=3&sort=&nb=2","Malaguty f12R nouveau modèle 50cc","375 000 FCFA","Dakar",""
"1706122904-354","https://dakarvente.com/index.php?page=annonces_categorie&id=3&sort=&nb=2","Scooter moto Beverly 250km/h dakar senegal","400 000 FCFA","Dakar",""
"1706122904-355","https://dakarvente.com/index.php?page=annonces_categorie&id=3&sort=&nb=2","Yamaha flipper 125cc injection","550 000 FCFA","Dakar",""
"1706122904-356","https://dakarvente.com/index.php?page=annonces_categorie&id=3&sort=&nb=2","Honda Vision 110ie injection venant papiers cmc","675 000 FCFA","Fass",""
"1706122904-357","https://dakarvente.com/index.php?page=annonces_categorie&id=3&sort=&nb=2","Moto à vendre","2 300 000 FCFA","Dakar",""
"1706122904-358","https://dakarvente.com/index.php?page=annonces_categorie&id=3&sort=&nb=2","Burgman 200cm3 injection ABS papiers cmc original","700 000 FCFA","Fass",""
"1706122904-359","https://dakarvente.com/index.php?page=annonces_categorie&id=3&sort=&nb=2","Moto scooter","350 000 FCFA","Grand Yoff",""
"1706122904-360","https://dakarvente.com/index.php?page=annonces_categorie&id=3&sort=&nb=2","Gilera Stalker Naked nouveau model 50cc","365 000 FCFA","Dakar",""
"1706122904-361","https://dakarvente.com/index.php?page=annonces_categorie&id=3&sort=&nb=2","TRICYCLE","","Pikine",""
"1706122904-362","https://dakarvente.com/index.php?page=annonces_categorie&id=3&sort=&nb=2","Je vends une moto Liberty 200 Piaggio","45 000 FCFA","Médina",""
"1706122904-363","https://dakarvente.com/index.php?page=annonces_categorie&id=3&sort=&nb=2","Honda X-adv de 2018","3 300 000 FCFA","Dakar",""
"1706122904-364","https://dakarvente.com/index.php?page=annonces_categorie&id=3&sort=&nb=2","Piaggio nrg mc3 80cc","365 000 FCFA","Dakar",""
"1706122904-365","https://dakarvente.com/index.php?page=annonces_categorie&id=3&sort=&nb=2","Piaggio liberty 50cc","285 000 FCFA","Dakar",""
"1706122904-366","https://dakarvente.com/index.php?page=annonces_categorie&id=3&sort=&nb=2","Piaggio liberty 50cc","285 000 FCFA","Dakar",""
"1706122904-367","https://dakarvente.com/index.php?page=annonces_categorie&id=3&sort=&nb=2","Piaggio liberty 50cc","285 000 FCFA","Dakar",""
"1706122904-368","https://dakarvente.com/index.php?page=annonces_categorie&id=3&sort=&nb=2","Av Kawasaki zr 750","1 500 000 FCFA","Yeumbeul Sud",""
"1706122904-369","https://dakarvente.com/index.php?page=annonces_categorie&id=3&sort=&nb=2","Moto cross  DFZ","875 000 FCFA","Liberté 2",""
"1706122904-370","https://dakarvente.com/index.php?page=annonces_categorie&id=3&sort=&nb=2","Yamaha Aerox nouveau modèle 50cc","700 000 FCFA","Dakar",""
"1706122904-371","https://dakarvente.com/index.php?page=annonces_categorie&id=3&sort=&nb=2","XADW 750 ANNÉE 2018","3 000 000 FCFA","Dakar",""
"1706122904-372","https://dakarvente.com/index.php?page=annonces_categorie&id=3&sort=&nb=2","Jakarta KTM","450 000 FCFA","HLM",""
"1706122904-373","https://dakarvente.com/index.php?page=annonces_categorie&id=3&sort=&nb=2","Burgman Executive 200ie injection ABS Venant","675 000 FCFA","Dakar",""
"1706122904-374","https://dakarvente.com/index.php?page=annonces_categorie&id=3&sort=&nb=2","Scooter suzuki","300 000 FCFA","Rufisque",""
"1706122904-375","https://dakarvente.com/index.php?page=annonces_categorie&id=3&sort=&nb=2","Liberty s nouveau modèle 50cc","375 000 FCFA","Dakar",""
"1706122904-376","https://dakarvente.com/index.php?page=annonces_categorie&id=3&sort=&nb=2","Liberty 4t50cc","285 000 FCFA","Dakar",""
"1706122904-377","https://dakarvente.com/index.php?page=annonces_categorie&id=3&sort=&nb=2","Liberty 4t50cc","300 000 FCFA","Dakar",""
"1706122904-378","https://dakarvente.com/index.php?page=annonces_categorie&id=3&sort=&nb=2","T-MAX HONDA FORZA 2019","1 700 000 FCFA","Pikine",""
"1706122904-379","https://dakarvente.com/index.php?page=annonces_categorie&id=3&sort=&nb=2","Piaggio zip 80","180 000 FCFA","Ouest Foire",""
"1706122904-380","https://dakarvente.com/index.php?page=annonces_categorie&id=3&sort=&nb=2","Kymco Dink 125cm3 carburateur Venant","575 000 FCFA","Fass",""
"1706122904-381","https://dakarvente.com/index.php?page=annonces_categorie&id=3&sort=&nb=2","Malaguty f12r nouveau modèle 50cc","365 000 FCFA","Dakar",""
"1706122904-382","https://dakarvente.com/index.php?page=annonces_categorie&id=3&sort=&nb=2","Honda intégrale","1 800 000 FCFA","Dakar",""
"1706122904-383","https://dakarvente.com/index.php?page=annonces_categorie&id=3&sort=&nb=2","Burgman 150cm3 carburateur Venant papiers cmc original disponible","600 000 FCFA","Fass",""
"1706122904-384","https://dakarvente.com/index.php?page=annonces_categorie&id=3&sort=&nb=2","TRICYCLE","1 480 000 FCFA","Sacré Coeur",""
"1706122904-385","https://dakarvente.com/index.php?page=annonces_categorie&id=3&sort=&nb=2","Piaggio FLY 125cm3 carburateur Venant papiers cmc original disponible","650 000 FCFA","Fass",""
"1706122904-386","https://dakarvente.com/index.php?page=annonces_categorie&id=3&sort=&nb=2","Peugeot kisbee Rs nouveau modèle 4t50cc","375 000 FCFA","Dakar",""
"1706122904-387","https://dakarvente.com/index.php?page=annonces_categorie&id=3&sort=&nb=2","Malaguty f12r nouveau modèle 50cc","375 000 FCFA","Dakar",""
"1706122909-388","https://dakarvente.com/index.php?page=annonces_categorie&id=3&sort=&nb=1","Ordinateur Lenovo Thinkpad X380","230 000 FCFA","Dakar",""
"1706122909-389","https://dakarvente.com/index.php?page=annonces_categorie&id=3&sort=&nb=1","TRICYCLES EN PROMOTION","1 580 000 FCFA","Dakar",""
"1706122909-390","https://dakarvente.com/index.php?page=annonces_categorie&id=3&sort=&nb=1","SCOOTER T-MAX 560 TECH","9 500 000 FCFA","Golf",""
"1706122909-391","https://dakarvente.com/index.php?page=annonces_categorie&id=3&sort=&nb=1","Vends Honda Dominator 650","650 000 FCFA","Somone",""
"1706122909-392","https://dakarvente.com/index.php?page=annonces_categorie&id=3&sort=&nb=1","Honda @ 150cc","400 000 FCFA","Cambérène",""
"1706122909-393","https://dakarvente.com/index.php?page=annonces_categorie&id=3&sort=&nb=1","Kymco agility 150","370 000 FCFA","Cambérène",""
"1706122909-394","https://dakarvente.com/index.php?page=annonces_categorie&id=3&sort=&nb=1","Moto en excellent état - Performances exceptionnelles, Prix attractif !","","Dakar",""
"1706122909-395","https://dakarvente.com/index.php?page=annonces_categorie&id=3&sort=&nb=1","Moto Cross Yamaha YZ 125cc 2temps 2016","1 600 000 FCFA","Ngaparou",""
"1706122909-396","https://dakarvente.com/index.php?page=annonces_categorie&id=3&sort=&nb=1","Scooter racing Aprilia","200 000 FCFA","Dakar",""
"1706122909-397","https://dakarvente.com/index.php?page=annonces_categorie&id=3&sort=&nb=1","TRICYCLES AGANANMA EN PROMOTION","1 425 000 FCFA","Dakar",""
"1706122909-398","https://dakarvente.com/index.php?page=annonces_categorie&id=3&sort=&nb=1","Moto Kymko People 150","500 000 FCFA","Bambey",""
"1706122909-399","https://dakarvente.com/index.php?page=annonces_categorie&id=3&sort=&nb=1","Liberty 2T 50cm3 en bon état","199 000 FCFA","Hann Bel-Air",""
"1706122909-400","https://dakarvente.com/index.php?page=annonces_categorie&id=3&sort=&nb=1","Peugeot Satelis RS 550ie ABS modèle 2014 Venant papiers cmc","950 000 FCFA","Fass",""
"1706122909-401","https://dakarvente.com/index.php?page=annonces_categorie&id=3&sort=&nb=1","Kymco People S 200ie injection Venant papiers cmc original","675 000 FCFA","Fass",""
"1706122909-402","https://dakarvente.com/index.php?page=annonces_categorie&id=3&sort=&nb=1","Moto","180 000 FCFA","Parcelles assainies",""
"1706122909-403","https://dakarvente.com/index.php?page=annonces_categorie&id=3&sort=&nb=1","Moto scooter a vendre","450 000 FCFA","Ouakam",""
"1706122909-404","https://dakarvente.com/index.php?page=annonces_categorie&id=3&sort=&nb=1","Honda africain twin 1000L, année 2016","4 000 000 FCFA","Dakar",""
"1706122909-405","https://dakarvente.com/index.php?page=annonces_categorie&id=3&sort=&nb=1","YAMAHA XCITY 250I VENANT","1 000 000 FCFA","Patte d'Oie",""
"1706122909-406","https://dakarvente.com/index.php?page=annonces_categorie&id=3&sort=&nb=1","Yamaha Nmax 125ie ABS modèle 2015/20 venant papiers cmc original disponible","1 150 000 FCFA","Fass",""
"1706122909-407","https://dakarvente.com/index.php?page=annonces_categorie&id=3&sort=&nb=1","Honda Vision 110ie injection venant papiers cmc original","675 000 FCFA","Fass",""
"1706122909-408","https://dakarvente.com/index.php?page=annonces_categorie&id=3&sort=&nb=1","Kymco Dink 125cm3 carburateur Venant papiers cmc original","625 000 FCFA","Amitié",""
"1706122909-409","https://dakarvente.com/index.php?page=annonces_categorie&id=3&sort=&nb=1","Yamaha TMAX 2018","3 000 000 FCFA","Almadies",""
"1706122909-410","https://dakarvente.com/index.php?page=annonces_categorie&id=3&sort=&nb=1","Xmax 250ie ABS modèle 2012 venant papiers cmc original disponibles","1 200 000 FCFA","Fass",""
"1706122909-411","https://dakarvente.com/index.php?page=annonces_categorie&id=3&sort=&nb=1","Tmax","2 800 000 FCFA","Hann Maristes",""
"1706122909-412","https://dakarvente.com/index.php?page=annonces_categorie&id=3&sort=&nb=1","Kymco Agility 125cm3 carburateur Venant papiers cmc disponible","525 000 FCFA","Fass",""
"1706122909-413","https://dakarvente.com/index.php?page=annonces_categorie&id=3&sort=&nb=1","MOTO TRICYCLE A VENDRE AU SENEGAL","1 480 000 FCFA","Sacré Coeur",""
"1706122909-414","https://dakarvente.com/index.php?page=annonces_categorie&id=3&sort=&nb=1","MOTOCROSS","","Thiaroye",""
"1706122909-415","https://dakarvente.com/index.php?page=annonces_categorie&id=3&sort=&nb=1","Kymco Dink 125cm3 carburateur Venant papiers cmc original","675 000 FCFA","Fass",""
"1706122909-416","https://dakarvente.com/index.php?page=annonces_categorie&id=3&sort=&nb=1","Kymco pipole 50cc","350 000 FCFA","Dakar",""
"1706122909-417","https://dakarvente.com/index.php?page=annonces_categorie&id=3&sort=&nb=1","Sym orbit2 nouveau modèle 4t50cc","365 000 FCFA","Dakar",""
"1706122909-418","https://dakarvente.com/index.php?page=annonces_categorie&id=3&sort=&nb=1","MoTo Yamaha","500 000 FCFA","Dakar",""
"1706122909-419","https://dakarvente.com/index.php?page=annonces_categorie&id=3&sort=&nb=1","MOTO TRICYCLE A VENDRE AU SENEGAL","1 480 000 FCFA","Dakar",""
"1706122909-420","https://dakarvente.com/index.php?page=annonces_categorie&id=3&sort=&nb=1","X9 500 injection avec carte à grise à vendre en bon état","550 000 FCFA","Thiès",""
"1706122909-421","https://dakarvente.com/index.php?page=annonces_categorie&id=3&sort=&nb=1","Honda SH 125","250 000 FCFA","Mbao",""
"1706122909-422","https://dakarvente.com/index.php?page=annonces_categorie&id=3&sort=&nb=1","Piaggio Skipper ST 125cm3 carburateur Venant papiers","650 000 FCFA","Fass",""
"1706122909-423","https://dakarvente.com/index.php?page=annonces_categorie&id=3&sort=&nb=1","Kymco Agility 125cc","160 000 FCFA","Mbao",""
"1706122909-424","https://dakarvente.com/index.php?page=annonces_categorie&id=3&sort=&nb=1","Moto Kymco Grand Dink 250","350 000 FCFA","Guédiawaye",""
"1706122909-425","https://dakarvente.com/index.php?page=annonces_categorie&id=3&sort=&nb=1","Symphony 4t50cc","365 000 FCFA","Dakar",""
"1706122909-426","https://dakarvente.com/index.php?page=annonces_categorie&id=3&sort=&nb=1","HONDA CRF 1000L AFRICA TWIN 2018, en boite automatique DCT","3 800 000 FCFA","Dakar",""
"1706122909-427","https://dakarvente.com/index.php?page=annonces_categorie&id=3&sort=&nb=1","Piaggio tayphon nouveau modèle 125cc turbo","1 FCFA","Dakar",""
"1706122909-428","https://dakarvente.com/index.php?page=annonces_categorie&id=3&sort=&nb=1","Vente flash vespa LX Gts250ie","600 000 FCFA","HLM",""
"1706122909-429","https://dakarvente.com/index.php?page=annonces_categorie&id=3&sort=&nb=1","MBK ovetto","320 000 FCFA","Cité avion",""
